Customer_ID,snapshot_date,model_name,model_version,pred_proba,pred_label
cus_0x1108,2024-07-01,xgboost,credit_model_xgboost_2026_06_20,0.2794228792190552,0
cus_0x13b5,2024-07-01,xgboost,credit_model_xgboost_2026_06_20,0.21014165878295898,0
cus_0x13b8,2024-07-01,xgboost,credit_model_xgboost_2026_06_20,0.20614288747310638,0
cus_0x144f,2024-07-01,xgboost,credit_model_xgboost_2026_06_20,0.9062507152557373,1
cus_0x14ec,2024-07-01,xgboost,credit_model_xgboost_2026_06_20,0.3475138545036316,0
cus_0x1595,2024-07-01,xgboost,credit_model_xgboost_2026_06_20,0.5871866345405579,1
cus_0x15ec,2024-07-01,xgboost,credit_model_xgboost_2026_06_20,0.035457316786050797,0
cus_0x16fd,2024-07-01,xgboost,credit_model_xgboost_2026_06_20,0.8404099345207214,1
cus_0x183d,2024-07-01,xgboost,credit_model_xgboost_2026_06_20,0.8550562262535095,1
cus_0x183e,2024-07-01,xgboost,credit_model_xgboost_2026_06_20,0.7991141676902771,1
cus_0x1a56,2024-07-01,xgboost,credit_model_xgboost_2026_06_20,0.5683851838111877,1
cus_0x1abe,2024-07-01,xgboost,credit_model_xgboost_2026_06_20,0.8583488464355469,1
cus_0x1b02,2024-07-01,xgboost,credit_model_xgboost_2026_06_20,0.3087134063243866,0
cus_0x1b41,2024-07-01,xgboost,credit_model_xgboost_2026_06_20,0.7911112308502197,1
cus_0x1b85,2024-07-01,xgboost,credit_model_xgboost_2026_06_20,0.4608056843280792,0
cus_0x1bb7,2024-07-01,xgboost,credit_model_xgboost_2026_06_20,0.8780629634857178,1
cus_0x1c82,2024-07-01,xgboost,credit_model_xgboost_2026_06_20,0.38330966234207153,0
cus_0x1cd5,2024-07-01,xgboost,credit_model_xgboost_2026_06_20,0.10839030891656876,0
cus_0x1dbb,2024-07-01,xgboost,credit_model_xgboost_2026_06_20,0.8832456469535828,1
cus_0x1dd3,2024-07-01,xgboost,credit_model_xgboost_2026_06_20,0.3529958724975586,0
cus_0x1e8d,2024-07-01,xgboost,credit_model_xgboost_2026_06_20,0.23528850078582764,0
cus_0x1eae,2024-07-01,xgboost,credit_model_xgboost_2026_06_20,0.518153727054596,1
cus_0x1ebc,2024-07-01,xgboost,credit_model_xgboost_2026_06_20,0.1897665560245514,0
cus_0x1fc1,2024-07-01,xgboost,credit_model_xgboost_2026_06_20,0.10928144305944443,0
cus_0x2031,2024-07-01,xgboost,credit_model_xgboost_2026_06_20,0.02332431636750698,0
cus_0x20a3,2024-07-01,xgboost,credit_model_xgboost_2026_06_20,0.3837655782699585,0
cus_0x21b7,2024-07-01,xgboost,credit_model_xgboost_2026_06_20,0.8116669654846191,1
cus_0x22b9,2024-07-01,xgboost,credit_model_xgboost_2026_06_20,0.8179243803024292,1
cus_0x22ba,2024-07-01,xgboost,credit_model_xgboost_2026_06_20,0.08960895240306854,0
cus_0x235c,2024-07-01,xgboost,credit_model_xgboost_2026_06_20,0.2906898856163025,0
cus_0x248e,2024-07-01,xgboost,credit_model_xgboost_2026_06_20,0.38793498277664185,0
cus_0x24a1,2024-07-01,xgboost,credit_model_xgboost_2026_06_20,0.8394197821617126,1
cus_0x251e,2024-07-01,xgboost,credit_model_xgboost_2026_06_20,0.28858810663223267,0
cus_0x2579,2024-07-01,xgboost,credit_model_xgboost_2026_06_20,0.17872291803359985,0
cus_0x259a,2024-07-01,xgboost,credit_model_xgboost_2026_06_20,0.24308176338672638,0
cus_0x268f,2024-07-01,xgboost,credit_model_xgboost_2026_06_20,0.22544433176517487,0
cus_0x277e,2024-07-01,xgboost,credit_model_xgboost_2026_06_20,0.03439944237470627,0
cus_0x27d8,2024-07-01,xgboost,credit_model_xgboost_2026_06_20,0.20938533544540405,0
cus_0x27e0,2024-07-01,xgboost,credit_model_xgboost_2026_06_20,0.5163899660110474,1
cus_0x28e7,2024-07-01,xgboost,credit_model_xgboost_2026_06_20,0.8601621389389038,1
cus_0x28f5,2024-07-01,xgboost,credit_model_xgboost_2026_06_20,0.20795387029647827,0
cus_0x2a85,2024-07-01,xgboost,credit_model_xgboost_2026_06_20,0.9150885939598083,1
cus_0x2a9f,2024-07-01,xgboost,credit_model_xgboost_2026_06_20,0.7843173146247864,1
cus_0x2abb,2024-07-01,xgboost,credit_model_xgboost_2026_06_20,0.19676195085048676,0
cus_0x2ac3,2024-07-01,xgboost,credit_model_xgboost_2026_06_20,0.17814433574676514,0
cus_0x2ad1,2024-07-01,xgboost,credit_model_xgboost_2026_06_20,0.17992983758449554,0
cus_0x2ad8,2024-07-01,xgboost,credit_model_xgboost_2026_06_20,0.12123667448759079,0
cus_0x2bce,2024-07-01,xgboost,credit_model_xgboost_2026_06_20,0.7553855776786804,1
cus_0x2c31,2024-07-01,xgboost,credit_model_xgboost_2026_06_20,0.024151170626282692,0
cus_0x2c40,2024-07-01,xgboost,credit_model_xgboost_2026_06_20,0.255941241979599,0
cus_0x2c42,2024-07-01,xgboost,credit_model_xgboost_2026_06_20,0.16109153628349304,0
cus_0x2c4c,2024-07-01,xgboost,credit_model_xgboost_2026_06_20,0.8707683682441711,1
cus_0x2c4f,2024-07-01,xgboost,credit_model_xgboost_2026_06_20,0.16954655945301056,0
cus_0x2cd4,2024-07-01,xgboost,credit_model_xgboost_2026_06_20,0.7391709089279175,1
cus_0x2d37,2024-07-01,xgboost,credit_model_xgboost_2026_06_20,0.5996483564376831,1
cus_0x2d83,2024-07-01,xgboost,credit_model_xgboost_2026_06_20,0.8284943699836731,1
cus_0x2df7,2024-07-01,xgboost,credit_model_xgboost_2026_06_20,0.20260541141033173,0
cus_0x2e0c,2024-07-01,xgboost,credit_model_xgboost_2026_06_20,0.7827796339988708,1
cus_0x2e5f,2024-07-01,xgboost,credit_model_xgboost_2026_06_20,0.6174985766410828,1
cus_0x2e96,2024-07-01,xgboost,credit_model_xgboost_2026_06_20,0.19601590931415558,0
cus_0x2e9b,2024-07-01,xgboost,credit_model_xgboost_2026_06_20,0.8778964877128601,1
cus_0x2eb3,2024-07-01,xgboost,credit_model_xgboost_2026_06_20,0.3707480728626251,0
cus_0x2f6c,2024-07-01,xgboost,credit_model_xgboost_2026_06_20,0.19071157276630402,0
cus_0x2f7a,2024-07-01,xgboost,credit_model_xgboost_2026_06_20,0.16375811398029327,0
cus_0x2fd7,2024-07-01,xgboost,credit_model_xgboost_2026_06_20,0.6923080682754517,1
cus_0x2ff8,2024-07-01,xgboost,credit_model_xgboost_2026_06_20,0.2671838104724884,0
cus_0x30de,2024-07-01,xgboost,credit_model_xgboost_2026_06_20,0.5852181911468506,1
cus_0x30e3,2024-07-01,xgboost,credit_model_xgboost_2026_06_20,0.8938884139060974,1
cus_0x30f0,2024-07-01,xgboost,credit_model_xgboost_2026_06_20,0.23060496151447296,0
cus_0x3124,2024-07-01,xgboost,credit_model_xgboost_2026_06_20,0.2791982591152191,0
cus_0x3139,2024-07-01,xgboost,credit_model_xgboost_2026_06_20,0.4875966012477875,0
cus_0x3175,2024-07-01,xgboost,credit_model_xgboost_2026_06_20,0.8813232183456421,1
cus_0x3240,2024-07-01,xgboost,credit_model_xgboost_2026_06_20,0.04062418267130852,0
cus_0x32be,2024-07-01,xgboost,credit_model_xgboost_2026_06_20,0.21936282515525818,0
cus_0x32df,2024-07-01,xgboost,credit_model_xgboost_2026_06_20,0.29160594940185547,0
cus_0x32fa,2024-07-01,xgboost,credit_model_xgboost_2026_06_20,0.1776876151561737,0
cus_0x335e,2024-07-01,xgboost,credit_model_xgboost_2026_06_20,0.3208268880844116,0
cus_0x335f,2024-07-01,xgboost,credit_model_xgboost_2026_06_20,0.2252170741558075,0
cus_0x33ba,2024-07-01,xgboost,credit_model_xgboost_2026_06_20,0.0222444087266922,0
cus_0x33eb,2024-07-01,xgboost,credit_model_xgboost_2026_06_20,0.7885309457778931,1
cus_0x34a2,2024-07-01,xgboost,credit_model_xgboost_2026_06_20,0.22671310603618622,0
cus_0x34b6,2024-07-01,xgboost,credit_model_xgboost_2026_06_20,0.8338184356689453,1
cus_0x34e1,2024-07-01,xgboost,credit_model_xgboost_2026_06_20,0.933628261089325,1
cus_0x3551,2024-07-01,xgboost,credit_model_xgboost_2026_06_20,0.8586230278015137,1
cus_0x36ed,2024-07-01,xgboost,credit_model_xgboost_2026_06_20,0.8912822604179382,1
cus_0x3702,2024-07-01,xgboost,credit_model_xgboost_2026_06_20,0.24323666095733643,0
cus_0x374c,2024-07-01,xgboost,credit_model_xgboost_2026_06_20,0.3677406311035156,0
cus_0x37d2,2024-07-01,xgboost,credit_model_xgboost_2026_06_20,0.2486979216337204,0
cus_0x37e6,2024-07-01,xgboost,credit_model_xgboost_2026_06_20,0.2047952562570572,0
cus_0x37fb,2024-07-01,xgboost,credit_model_xgboost_2026_06_20,0.13420502841472626,0
cus_0x3852,2024-07-01,xgboost,credit_model_xgboost_2026_06_20,0.8514074087142944,1
cus_0x3896,2024-07-01,xgboost,credit_model_xgboost_2026_06_20,0.23969429731369019,0
cus_0x38a1,2024-07-01,xgboost,credit_model_xgboost_2026_06_20,0.7162024974822998,1
cus_0x38b4,2024-07-01,xgboost,credit_model_xgboost_2026_06_20,0.8789819478988647,1
cus_0x38cd,2024-07-01,xgboost,credit_model_xgboost_2026_06_20,0.2620818018913269,0
cus_0x3909,2024-07-01,xgboost,credit_model_xgboost_2026_06_20,0.16486065089702606,0
cus_0x3974,2024-07-01,xgboost,credit_model_xgboost_2026_06_20,0.7061015367507935,1
cus_0x3aa1,2024-07-01,xgboost,credit_model_xgboost_2026_06_20,0.8555561304092407,1
cus_0x3aa7,2024-07-01,xgboost,credit_model_xgboost_2026_06_20,0.2658480405807495,0
cus_0x3ae7,2024-07-01,xgboost,credit_model_xgboost_2026_06_20,0.875893235206604,1
cus_0x3cfe,2024-07-01,xgboost,credit_model_xgboost_2026_06_20,0.23247140645980835,0
cus_0x3d0e,2024-07-01,xgboost,credit_model_xgboost_2026_06_20,0.23828467726707458,0
cus_0x3d44,2024-07-01,xgboost,credit_model_xgboost_2026_06_20,0.21709823608398438,0
cus_0x3d6d,2024-07-01,xgboost,credit_model_xgboost_2026_06_20,0.325940877199173,0
cus_0x3d76,2024-07-01,xgboost,credit_model_xgboost_2026_06_20,0.10927493125200272,0
cus_0x3d77,2024-07-01,xgboost,credit_model_xgboost_2026_06_20,0.2409610003232956,0
cus_0x3d79,2024-07-01,xgboost,credit_model_xgboost_2026_06_20,0.23034648597240448,0
cus_0x3de6,2024-07-01,xgboost,credit_model_xgboost_2026_06_20,0.29693683981895447,0
cus_0x3eb6,2024-07-01,xgboost,credit_model_xgboost_2026_06_20,0.31734591722488403,0
cus_0x3f5b,2024-07-01,xgboost,credit_model_xgboost_2026_06_20,0.23055727779865265,0
cus_0x3f89,2024-07-01,xgboost,credit_model_xgboost_2026_06_20,0.8419498205184937,1
cus_0x406d,2024-07-01,xgboost,credit_model_xgboost_2026_06_20,0.8591564893722534,1
cus_0x40c,2024-07-01,xgboost,credit_model_xgboost_2026_06_20,0.22360095381736755,0
cus_0x40cf,2024-07-01,xgboost,credit_model_xgboost_2026_06_20,0.19125014543533325,0
cus_0x40df,2024-07-01,xgboost,credit_model_xgboost_2026_06_20,0.16420447826385498,0
cus_0x411,2024-07-01,xgboost,credit_model_xgboost_2026_06_20,0.26991012692451477,0
cus_0x413,2024-07-01,xgboost,credit_model_xgboost_2026_06_20,0.3067238926887512,0
cus_0x4192,2024-07-01,xgboost,credit_model_xgboost_2026_06_20,0.8076437711715698,1
cus_0x4203,2024-07-01,xgboost,credit_model_xgboost_2026_06_20,0.22640693187713623,0
cus_0x4213,2024-07-01,xgboost,credit_model_xgboost_2026_06_20,0.8622196912765503,1
cus_0x421d,2024-07-01,xgboost,credit_model_xgboost_2026_06_20,0.8733213543891907,1
cus_0x4282,2024-07-01,xgboost,credit_model_xgboost_2026_06_20,0.1285783052444458,0
cus_0x4298,2024-07-01,xgboost,credit_model_xgboost_2026_06_20,0.9206846952438354,1
cus_0x42ab,2024-07-01,xgboost,credit_model_xgboost_2026_06_20,0.8811907172203064,1
cus_0x42ca,2024-07-01,xgboost,credit_model_xgboost_2026_06_20,0.29533079266548157,0
cus_0x432a,2024-07-01,xgboost,credit_model_xgboost_2026_06_20,0.09617064148187637,0
cus_0x435c,2024-07-01,xgboost,credit_model_xgboost_2026_06_20,0.5835908055305481,1
cus_0x4424,2024-07-01,xgboost,credit_model_xgboost_2026_06_20,0.26313263177871704,0
cus_0x44c0,2024-07-01,xgboost,credit_model_xgboost_2026_06_20,0.839240550994873,1
cus_0x450b,2024-07-01,xgboost,credit_model_xgboost_2026_06_20,0.19622910022735596,0
cus_0x4518,2024-07-01,xgboost,credit_model_xgboost_2026_06_20,0.3140139877796173,0
cus_0x457b,2024-07-01,xgboost,credit_model_xgboost_2026_06_20,0.6012178063392639,1
cus_0x4590,2024-07-01,xgboost,credit_model_xgboost_2026_06_20,0.13226284086704254,0
cus_0x4661,2024-07-01,xgboost,credit_model_xgboost_2026_06_20,0.2077263593673706,0
cus_0x46dd,2024-07-01,xgboost,credit_model_xgboost_2026_06_20,0.19292545318603516,0
cus_0x4716,2024-07-01,xgboost,credit_model_xgboost_2026_06_20,0.353828102350235,0
cus_0x4768,2024-07-01,xgboost,credit_model_xgboost_2026_06_20,0.2560840845108032,0
cus_0x47af,2024-07-01,xgboost,credit_model_xgboost_2026_06_20,0.24409060180187225,0
cus_0x47e5,2024-07-01,xgboost,credit_model_xgboost_2026_06_20,0.1833229959011078,0
cus_0x47e8,2024-07-01,xgboost,credit_model_xgboost_2026_06_20,0.2941518723964691,0
cus_0x4824,2024-07-01,xgboost,credit_model_xgboost_2026_06_20,0.5011959671974182,1
cus_0x4829,2024-07-01,xgboost,credit_model_xgboost_2026_06_20,0.16698549687862396,0
cus_0x4863,2024-07-01,xgboost,credit_model_xgboost_2026_06_20,0.05668788403272629,0
cus_0x48e6,2024-07-01,xgboost,credit_model_xgboost_2026_06_20,0.0949503555893898,0
cus_0x48ed,2024-07-01,xgboost,credit_model_xgboost_2026_06_20,0.7265310883522034,1
cus_0x48fe,2024-07-01,xgboost,credit_model_xgboost_2026_06_20,0.23153916001319885,0
cus_0x4947,2024-07-01,xgboost,credit_model_xgboost_2026_06_20,0.8822039365768433,1
cus_0x49b0,2024-07-01,xgboost,credit_model_xgboost_2026_06_20,0.9408384561538696,1
cus_0x49b8,2024-07-01,xgboost,credit_model_xgboost_2026_06_20,0.7567436695098877,1
cus_0x49b9,2024-07-01,xgboost,credit_model_xgboost_2026_06_20,0.6052903532981873,1
cus_0x49da,2024-07-01,xgboost,credit_model_xgboost_2026_06_20,0.12732651829719543,0
cus_0x49dd,2024-07-01,xgboost,credit_model_xgboost_2026_06_20,0.6576445698738098,1
cus_0x4a02,2024-07-01,xgboost,credit_model_xgboost_2026_06_20,0.09792673587799072,0
cus_0x4a18,2024-07-01,xgboost,credit_model_xgboost_2026_06_20,0.1013508290052414,0
cus_0x4a82,2024-07-01,xgboost,credit_model_xgboost_2026_06_20,0.30814990401268005,0
cus_0x4a83,2024-07-01,xgboost,credit_model_xgboost_2026_06_20,0.2171637862920761,0
cus_0x4a96,2024-07-01,xgboost,credit_model_xgboost_2026_06_20,0.27202752232551575,0
cus_0x4b86,2024-07-01,xgboost,credit_model_xgboost_2026_06_20,0.67484450340271,1
cus_0x4bef,2024-07-01,xgboost,credit_model_xgboost_2026_06_20,0.4079056680202484,0
cus_0x4c0,2024-07-01,xgboost,credit_model_xgboost_2026_06_20,0.6865924000740051,1
cus_0x4c49,2024-07-01,xgboost,credit_model_xgboost_2026_06_20,0.582840621471405,1
cus_0x4c4a,2024-07-01,xgboost,credit_model_xgboost_2026_06_20,0.14873722195625305,0
cus_0x4d1c,2024-07-01,xgboost,credit_model_xgboost_2026_06_20,0.3427753448486328,0
cus_0x4d75,2024-07-01,xgboost,credit_model_xgboost_2026_06_20,0.26554837822914124,0
cus_0x4da1,2024-07-01,xgboost,credit_model_xgboost_2026_06_20,0.3894170820713043,0
cus_0x4ead,2024-07-01,xgboost,credit_model_xgboost_2026_06_20,0.4946344792842865,0
cus_0x4ee1,2024-07-01,xgboost,credit_model_xgboost_2026_06_20,0.8419942259788513,1
cus_0x4f3,2024-07-01,xgboost,credit_model_xgboost_2026_06_20,0.6860154271125793,1
cus_0x5053,2024-07-01,xgboost,credit_model_xgboost_2026_06_20,0.10859198868274689,0
cus_0x507d,2024-07-01,xgboost,credit_model_xgboost_2026_06_20,0.2343452423810959,0
cus_0x508c,2024-07-01,xgboost,credit_model_xgboost_2026_06_20,0.27363690733909607,0
cus_0x515a,2024-07-01,xgboost,credit_model_xgboost_2026_06_20,0.34579694271087646,0
cus_0x51a4,2024-07-01,xgboost,credit_model_xgboost_2026_06_20,0.7775761485099792,1
cus_0x52b1,2024-07-01,xgboost,credit_model_xgboost_2026_06_20,0.2407626509666443,0
cus_0x531b,2024-07-01,xgboost,credit_model_xgboost_2026_06_20,0.18261757493019104,0
cus_0x544,2024-07-01,xgboost,credit_model_xgboost_2026_06_20,0.051162850111722946,0
cus_0x5478,2024-07-01,xgboost,credit_model_xgboost_2026_06_20,0.339343786239624,0
cus_0x5480,2024-07-01,xgboost,credit_model_xgboost_2026_06_20,0.051980696618556976,0
cus_0x5487,2024-07-01,xgboost,credit_model_xgboost_2026_06_20,0.2226732224225998,0
cus_0x553,2024-07-01,xgboost,credit_model_xgboost_2026_06_20,0.7909688353538513,1
cus_0x5641,2024-07-01,xgboost,credit_model_xgboost_2026_06_20,0.21628935635089874,0
cus_0x56a4,2024-07-01,xgboost,credit_model_xgboost_2026_06_20,0.8676479458808899,1
cus_0x56cf,2024-07-01,xgboost,credit_model_xgboost_2026_06_20,0.18555298447608948,0
cus_0x56d6,2024-07-01,xgboost,credit_model_xgboost_2026_06_20,0.521806001663208,1
cus_0x56e5,2024-07-01,xgboost,credit_model_xgboost_2026_06_20,0.01325620524585247,0
cus_0x571f,2024-07-01,xgboost,credit_model_xgboost_2026_06_20,0.21705181896686554,0
cus_0x5735,2024-07-01,xgboost,credit_model_xgboost_2026_06_20,0.17992521822452545,0
cus_0x5756,2024-07-01,xgboost,credit_model_xgboost_2026_06_20,0.20250411331653595,0
cus_0x5789,2024-07-01,xgboost,credit_model_xgboost_2026_06_20,0.1445445418357849,0
cus_0x5816,2024-07-01,xgboost,credit_model_xgboost_2026_06_20,0.29854121804237366,0
cus_0x583b,2024-07-01,xgboost,credit_model_xgboost_2026_06_20,0.12742400169372559,0
cus_0x584e,2024-07-01,xgboost,credit_model_xgboost_2026_06_20,0.27232229709625244,0
cus_0x58f4,2024-07-01,xgboost,credit_model_xgboost_2026_06_20,0.2598620355129242,0
cus_0x5923,2024-07-01,xgboost,credit_model_xgboost_2026_06_20,0.1492789089679718,0
cus_0x5a54,2024-07-01,xgboost,credit_model_xgboost_2026_06_20,0.7146921753883362,1
cus_0x5a5e,2024-07-01,xgboost,credit_model_xgboost_2026_06_20,0.24270187318325043,0
cus_0x5a72,2024-07-01,xgboost,credit_model_xgboost_2026_06_20,0.537439227104187,1
cus_0x5ae,2024-07-01,xgboost,credit_model_xgboost_2026_06_20,0.8190986514091492,1
cus_0x5b65,2024-07-01,xgboost,credit_model_xgboost_2026_06_20,0.23016873002052307,0
cus_0x5bf5,2024-07-01,xgboost,credit_model_xgboost_2026_06_20,0.3539639115333557,0
cus_0x5c40,2024-07-01,xgboost,credit_model_xgboost_2026_06_20,0.3870393931865692,0
cus_0x5d75,2024-07-01,xgboost,credit_model_xgboost_2026_06_20,0.0324549600481987,0
cus_0x5d87,2024-07-01,xgboost,credit_model_xgboost_2026_06_20,0.8902741074562073,1
cus_0x5d95,2024-07-01,xgboost,credit_model_xgboost_2026_06_20,0.8165014982223511,1
cus_0x5d9e,2024-07-01,xgboost,credit_model_xgboost_2026_06_20,0.21355150640010834,0
cus_0x5ddd,2024-07-01,xgboost,credit_model_xgboost_2026_06_20,0.5815181136131287,1
cus_0x5e1a,2024-07-01,xgboost,credit_model_xgboost_2026_06_20,0.23772457242012024,0
cus_0x5e30,2024-07-01,xgboost,credit_model_xgboost_2026_06_20,0.3170158565044403,0
cus_0x5ea2,2024-07-01,xgboost,credit_model_xgboost_2026_06_20,0.24052347242832184,0
cus_0x5eee,2024-07-01,xgboost,credit_model_xgboost_2026_06_20,0.8262436389923096,1
cus_0x5ff8,2024-07-01,xgboost,credit_model_xgboost_2026_06_20,0.4087193012237549,0
cus_0x6030,2024-07-01,xgboost,credit_model_xgboost_2026_06_20,0.7904316782951355,1
cus_0x6073,2024-07-01,xgboost,credit_model_xgboost_2026_06_20,0.2911362051963806,0
cus_0x609d,2024-07-01,xgboost,credit_model_xgboost_2026_06_20,0.8382838368415833,1
cus_0x6176,2024-07-01,xgboost,credit_model_xgboost_2026_06_20,0.812297523021698,1
cus_0x617b,2024-07-01,xgboost,credit_model_xgboost_2026_06_20,0.36500316858291626,0
cus_0x61c6,2024-07-01,xgboost,credit_model_xgboost_2026_06_20,0.13370217382907867,0
cus_0x6225,2024-07-01,xgboost,credit_model_xgboost_2026_06_20,0.019011827185750008,0
cus_0x6275,2024-07-01,xgboost,credit_model_xgboost_2026_06_20,0.04404450207948685,0
cus_0x627e,2024-07-01,xgboost,credit_model_xgboost_2026_06_20,0.16195718944072723,0
cus_0x640a,2024-07-01,xgboost,credit_model_xgboost_2026_06_20,0.8658226728439331,1
cus_0x64c6,2024-07-01,xgboost,credit_model_xgboost_2026_06_20,0.05762837082147598,0
cus_0x6568,2024-07-01,xgboost,credit_model_xgboost_2026_06_20,0.539340615272522,1
cus_0x6572,2024-07-01,xgboost,credit_model_xgboost_2026_06_20,0.15913693606853485,0
cus_0x658a,2024-07-01,xgboost,credit_model_xgboost_2026_06_20,0.5894039273262024,1
cus_0x65e1,2024-07-01,xgboost,credit_model_xgboost_2026_06_20,0.27032655477523804,0
cus_0x65e4,2024-07-01,xgboost,credit_model_xgboost_2026_06_20,0.04433060809969902,0
cus_0x65f0,2024-07-01,xgboost,credit_model_xgboost_2026_06_20,0.7615087032318115,1
cus_0x65fa,2024-07-01,xgboost,credit_model_xgboost_2026_06_20,0.200065478682518,0
cus_0x660b,2024-07-01,xgboost,credit_model_xgboost_2026_06_20,0.18070727586746216,0
cus_0x6610,2024-07-01,xgboost,credit_model_xgboost_2026_06_20,0.07975618541240692,0
cus_0x6671,2024-07-01,xgboost,credit_model_xgboost_2026_06_20,0.8180160522460938,1
cus_0x66c3,2024-07-01,xgboost,credit_model_xgboost_2026_06_20,0.5516499876976013,1
cus_0x674e,2024-07-01,xgboost,credit_model_xgboost_2026_06_20,0.8690536618232727,1
cus_0x6951,2024-07-01,xgboost,credit_model_xgboost_2026_06_20,0.8486433625221252,1
cus_0x6960,2024-07-01,xgboost,credit_model_xgboost_2026_06_20,0.1790350079536438,0
cus_0x6962,2024-07-01,xgboost,credit_model_xgboost_2026_06_20,0.11610160022974014,0
cus_0x69bf,2024-07-01,xgboost,credit_model_xgboost_2026_06_20,0.501854658126831,1
cus_0x69c3,2024-07-01,xgboost,credit_model_xgboost_2026_06_20,0.3950899839401245,0
cus_0x6a91,2024-07-01,xgboost,credit_model_xgboost_2026_06_20,0.21841870248317719,0
cus_0x6a9a,2024-07-01,xgboost,credit_model_xgboost_2026_06_20,0.7159810662269592,1
cus_0x6ae6,2024-07-01,xgboost,credit_model_xgboost_2026_06_20,0.7861064672470093,1
cus_0x6b10,2024-07-01,xgboost,credit_model_xgboost_2026_06_20,0.16980305314064026,0
cus_0x6b42,2024-07-01,xgboost,credit_model_xgboost_2026_06_20,0.38992929458618164,0
cus_0x6c12,2024-07-01,xgboost,credit_model_xgboost_2026_06_20,0.056293338537216187,0
cus_0x6c2d,2024-07-01,xgboost,credit_model_xgboost_2026_06_20,0.7793923616409302,1
cus_0x6d2c,2024-07-01,xgboost,credit_model_xgboost_2026_06_20,0.22478727996349335,0
cus_0x6d43,2024-07-01,xgboost,credit_model_xgboost_2026_06_20,0.8956370949745178,1
cus_0x6d5c,2024-07-01,xgboost,credit_model_xgboost_2026_06_20,0.1968497931957245,0
cus_0x6d71,2024-07-01,xgboost,credit_model_xgboost_2026_06_20,0.34010791778564453,0
cus_0x6d85,2024-07-01,xgboost,credit_model_xgboost_2026_06_20,0.39175236225128174,0
cus_0x6e1e,2024-07-01,xgboost,credit_model_xgboost_2026_06_20,0.900620698928833,1
cus_0x6ef6,2024-07-01,xgboost,credit_model_xgboost_2026_06_20,0.02260264754295349,0
cus_0x6fb9,2024-07-01,xgboost,credit_model_xgboost_2026_06_20,0.8177043199539185,1
cus_0x7025,2024-07-01,xgboost,credit_model_xgboost_2026_06_20,0.5470625758171082,1
cus_0x7067,2024-07-01,xgboost,credit_model_xgboost_2026_06_20,0.09930382668972015,0
cus_0x7204,2024-07-01,xgboost,credit_model_xgboost_2026_06_20,0.8777127265930176,1
cus_0x727a,2024-07-01,xgboost,credit_model_xgboost_2026_06_20,0.8366320133209229,1
cus_0x72b6,2024-07-01,xgboost,credit_model_xgboost_2026_06_20,0.7098926305770874,1
cus_0x72c0,2024-07-01,xgboost,credit_model_xgboost_2026_06_20,0.07718566805124283,0
cus_0x7303,2024-07-01,xgboost,credit_model_xgboost_2026_06_20,0.7940653562545776,1
cus_0x733c,2024-07-01,xgboost,credit_model_xgboost_2026_06_20,0.5232963562011719,1
cus_0x7447,2024-07-01,xgboost,credit_model_xgboost_2026_06_20,0.15275047719478607,0
cus_0x7512,2024-07-01,xgboost,credit_model_xgboost_2026_06_20,0.35960689187049866,0
cus_0x7532,2024-07-01,xgboost,credit_model_xgboost_2026_06_20,0.22318974137306213,0
cus_0x753d,2024-07-01,xgboost,credit_model_xgboost_2026_06_20,0.8335140347480774,1
cus_0x76bc,2024-07-01,xgboost,credit_model_xgboost_2026_06_20,0.2097046673297882,0
cus_0x7745,2024-07-01,xgboost,credit_model_xgboost_2026_06_20,0.7900276184082031,1
cus_0x7768,2024-07-01,xgboost,credit_model_xgboost_2026_06_20,0.03933999687433243,0
cus_0x777b,2024-07-01,xgboost,credit_model_xgboost_2026_06_20,0.31281739473342896,0
cus_0x7799,2024-07-01,xgboost,credit_model_xgboost_2026_06_20,0.22031176090240479,0
cus_0x77b7,2024-07-01,xgboost,credit_model_xgboost_2026_06_20,0.8711742162704468,1
cus_0x786e,2024-07-01,xgboost,credit_model_xgboost_2026_06_20,0.1683356761932373,0
cus_0x792f,2024-07-01,xgboost,credit_model_xgboost_2026_06_20,0.023299632593989372,0
cus_0x7943,2024-07-01,xgboost,credit_model_xgboost_2026_06_20,0.8360735177993774,1
cus_0x7997,2024-07-01,xgboost,credit_model_xgboost_2026_06_20,0.5607437491416931,1
cus_0x7a15,2024-07-01,xgboost,credit_model_xgboost_2026_06_20,0.6608347296714783,1
cus_0x7b2b,2024-07-01,xgboost,credit_model_xgboost_2026_06_20,0.891278862953186,1
cus_0x7b8c,2024-07-01,xgboost,credit_model_xgboost_2026_06_20,0.16061776876449585,0
cus_0x7b94,2024-07-01,xgboost,credit_model_xgboost_2026_06_20,0.22574090957641602,0
cus_0x7baa,2024-07-01,xgboost,credit_model_xgboost_2026_06_20,0.18401357531547546,0
cus_0x7c33,2024-07-01,xgboost,credit_model_xgboost_2026_06_20,0.011029111221432686,0
cus_0x7ca7,2024-07-01,xgboost,credit_model_xgboost_2026_06_20,0.27446871995925903,0
cus_0x7d62,2024-07-01,xgboost,credit_model_xgboost_2026_06_20,0.2027023434638977,0
cus_0x7d87,2024-07-01,xgboost,credit_model_xgboost_2026_06_20,0.3330177664756775,0
cus_0x7d96,2024-07-01,xgboost,credit_model_xgboost_2026_06_20,0.6343690156936646,1
cus_0x7daf,2024-07-01,xgboost,credit_model_xgboost_2026_06_20,0.1873852014541626,0
cus_0x7dc6,2024-07-01,xgboost,credit_model_xgboost_2026_06_20,0.3176587224006653,0
cus_0x7dcd,2024-07-01,xgboost,credit_model_xgboost_2026_06_20,0.05368977040052414,0
cus_0x7e5b,2024-07-01,xgboost,credit_model_xgboost_2026_06_20,0.4565717875957489,0
cus_0x7e7c,2024-07-01,xgboost,credit_model_xgboost_2026_06_20,0.22075580060482025,0
cus_0x7e8b,2024-07-01,xgboost,credit_model_xgboost_2026_06_20,0.8782934546470642,1
cus_0x7eb6,2024-07-01,xgboost,credit_model_xgboost_2026_06_20,0.8227860927581787,1
cus_0x7ee,2024-07-01,xgboost,credit_model_xgboost_2026_06_20,0.27550315856933594,0
cus_0x7f27,2024-07-01,xgboost,credit_model_xgboost_2026_06_20,0.22011347115039825,0
cus_0x7f72,2024-07-01,xgboost,credit_model_xgboost_2026_06_20,0.05798739567399025,0
cus_0x806c,2024-07-01,xgboost,credit_model_xgboost_2026_06_20,0.883186399936676,1
cus_0x80a0,2024-07-01,xgboost,credit_model_xgboost_2026_06_20,0.3793860077857971,0
cus_0x80bb,2024-07-01,xgboost,credit_model_xgboost_2026_06_20,0.8181433081626892,1
cus_0x8122,2024-07-01,xgboost,credit_model_xgboost_2026_06_20,0.6404093503952026,1
cus_0x8188,2024-07-01,xgboost,credit_model_xgboost_2026_06_20,0.3912692368030548,0
cus_0x818c,2024-07-01,xgboost,credit_model_xgboost_2026_06_20,0.8708816170692444,1
cus_0x81f0,2024-07-01,xgboost,credit_model_xgboost_2026_06_20,0.8638916015625,1
cus_0x825b,2024-07-01,xgboost,credit_model_xgboost_2026_06_20,0.3503454029560089,0
cus_0x8271,2024-07-01,xgboost,credit_model_xgboost_2026_06_20,0.23937547206878662,0
cus_0x82a3,2024-07-01,xgboost,credit_model_xgboost_2026_06_20,0.8362864851951599,1
cus_0x82b,2024-07-01,xgboost,credit_model_xgboost_2026_06_20,0.5093997716903687,1
cus_0x82cc,2024-07-01,xgboost,credit_model_xgboost_2026_06_20,0.7743130326271057,1
cus_0x82f8,2024-07-01,xgboost,credit_model_xgboost_2026_06_20,0.07926198840141296,0
cus_0x8388,2024-07-01,xgboost,credit_model_xgboost_2026_06_20,0.173437237739563,0
cus_0x83fe,2024-07-01,xgboost,credit_model_xgboost_2026_06_20,0.7046860456466675,1
cus_0x840b,2024-07-01,xgboost,credit_model_xgboost_2026_06_20,0.9034343957901001,1
cus_0x8447,2024-07-01,xgboost,credit_model_xgboost_2026_06_20,0.8172870874404907,1
cus_0x845d,2024-07-01,xgboost,credit_model_xgboost_2026_06_20,0.43132930994033813,0
cus_0x8484,2024-07-01,xgboost,credit_model_xgboost_2026_06_20,0.231063574552536,0
cus_0x84d1,2024-07-01,xgboost,credit_model_xgboost_2026_06_20,0.583941638469696,1
cus_0x84da,2024-07-01,xgboost,credit_model_xgboost_2026_06_20,0.030553633347153664,0
cus_0x855f,2024-07-01,xgboost,credit_model_xgboost_2026_06_20,0.35204213857650757,0
cus_0x85a2,2024-07-01,xgboost,credit_model_xgboost_2026_06_20,0.814182460308075,1
cus_0x8617,2024-07-01,xgboost,credit_model_xgboost_2026_06_20,0.3330793082714081,0
cus_0x861c,2024-07-01,xgboost,credit_model_xgboost_2026_06_20,0.27667170763015747,0
cus_0x86bc,2024-07-01,xgboost,credit_model_xgboost_2026_06_20,0.2781544029712677,0
cus_0x86c0,2024-07-01,xgboost,credit_model_xgboost_2026_06_20,0.8499583005905151,1
cus_0x8785,2024-07-01,xgboost,credit_model_xgboost_2026_06_20,0.14730307459831238,0
cus_0x880d,2024-07-01,xgboost,credit_model_xgboost_2026_06_20,0.19683928787708282,0
cus_0x8842,2024-07-01,xgboost,credit_model_xgboost_2026_06_20,0.12707948684692383,0
cus_0x88f9,2024-07-01,xgboost,credit_model_xgboost_2026_06_20,0.8763287663459778,1
cus_0x8928,2024-07-01,xgboost,credit_model_xgboost_2026_06_20,0.24036797881126404,0
cus_0x8971,2024-07-01,xgboost,credit_model_xgboost_2026_06_20,0.7544704079627991,1
cus_0x8973,2024-07-01,xgboost,credit_model_xgboost_2026_06_20,0.8327832221984863,1
cus_0x8a0e,2024-07-01,xgboost,credit_model_xgboost_2026_06_20,0.15952296555042267,0
cus_0x8a14,2024-07-01,xgboost,credit_model_xgboost_2026_06_20,0.39087435603141785,0
cus_0x8a56,2024-07-01,xgboost,credit_model_xgboost_2026_06_20,0.1808750033378601,0
cus_0x8a63,2024-07-01,xgboost,credit_model_xgboost_2026_06_20,0.031184300780296326,0
cus_0x8a74,2024-07-01,xgboost,credit_model_xgboost_2026_06_20,0.016169680282473564,0
cus_0x8a8c,2024-07-01,xgboost,credit_model_xgboost_2026_06_20,0.6203709840774536,1
cus_0x8b7a,2024-07-01,xgboost,credit_model_xgboost_2026_06_20,0.8207001090049744,1
cus_0x8c1f,2024-07-01,xgboost,credit_model_xgboost_2026_06_20,0.8400035500526428,1
cus_0x8d01,2024-07-01,xgboost,credit_model_xgboost_2026_06_20,0.2472102791070938,0
cus_0x8d0b,2024-07-01,xgboost,credit_model_xgboost_2026_06_20,0.5830795168876648,1
cus_0x8d4f,2024-07-01,xgboost,credit_model_xgboost_2026_06_20,0.8823517560958862,1
cus_0x8d90,2024-07-01,xgboost,credit_model_xgboost_2026_06_20,0.44115665555000305,0
cus_0x8e2,2024-07-01,xgboost,credit_model_xgboost_2026_06_20,0.1744672805070877,0
cus_0x8e73,2024-07-01,xgboost,credit_model_xgboost_2026_06_20,0.8668026924133301,1
cus_0x8f34,2024-07-01,xgboost,credit_model_xgboost_2026_06_20,0.249034121632576,0
cus_0x8fc8,2024-07-01,xgboost,credit_model_xgboost_2026_06_20,0.22992496192455292,0
cus_0x8ff8,2024-07-01,xgboost,credit_model_xgboost_2026_06_20,0.7289914488792419,1
cus_0x901,2024-07-01,xgboost,credit_model_xgboost_2026_06_20,0.8889434337615967,1
cus_0x90ca,2024-07-01,xgboost,credit_model_xgboost_2026_06_20,0.18998850882053375,0
cus_0x90e,2024-07-01,xgboost,credit_model_xgboost_2026_06_20,0.6284797191619873,1
cus_0x9226,2024-07-01,xgboost,credit_model_xgboost_2026_06_20,0.7237809896469116,1
cus_0x9235,2024-07-01,xgboost,credit_model_xgboost_2026_06_20,0.3582669496536255,0
cus_0x924a,2024-07-01,xgboost,credit_model_xgboost_2026_06_20,0.6152981519699097,1
cus_0x92aa,2024-07-01,xgboost,credit_model_xgboost_2026_06_20,0.36916932463645935,0
cus_0x92b9,2024-07-01,xgboost,credit_model_xgboost_2026_06_20,0.7447782754898071,1
cus_0x92fc,2024-07-01,xgboost,credit_model_xgboost_2026_06_20,0.06800264865159988,0
cus_0x930a,2024-07-01,xgboost,credit_model_xgboost_2026_06_20,0.14675070345401764,0
cus_0x930c,2024-07-01,xgboost,credit_model_xgboost_2026_06_20,0.8933470845222473,1
cus_0x930d,2024-07-01,xgboost,credit_model_xgboost_2026_06_20,0.3474542200565338,0
cus_0x9318,2024-07-01,xgboost,credit_model_xgboost_2026_06_20,0.9046451449394226,1
cus_0x939,2024-07-01,xgboost,credit_model_xgboost_2026_06_20,0.7878374457359314,1
cus_0x95a3,2024-07-01,xgboost,credit_model_xgboost_2026_06_20,0.8390478491783142,1
cus_0x95c9,2024-07-01,xgboost,credit_model_xgboost_2026_06_20,0.7398200035095215,1
cus_0x9664,2024-07-01,xgboost,credit_model_xgboost_2026_06_20,0.5554115772247314,1
cus_0x96e5,2024-07-01,xgboost,credit_model_xgboost_2026_06_20,0.8890531063079834,1
cus_0x96fa,2024-07-01,xgboost,credit_model_xgboost_2026_06_20,0.01729217730462551,0
cus_0x9793,2024-07-01,xgboost,credit_model_xgboost_2026_06_20,0.7957056164741516,1
cus_0x98b3,2024-07-01,xgboost,credit_model_xgboost_2026_06_20,0.3040347993373871,0
cus_0x98e6,2024-07-01,xgboost,credit_model_xgboost_2026_06_20,0.22253549098968506,0
cus_0x98f1,2024-07-01,xgboost,credit_model_xgboost_2026_06_20,0.764311671257019,1
cus_0x9962,2024-07-01,xgboost,credit_model_xgboost_2026_06_20,0.02591029554605484,0
cus_0x996f,2024-07-01,xgboost,credit_model_xgboost_2026_06_20,0.452132910490036,0
cus_0x9987,2024-07-01,xgboost,credit_model_xgboost_2026_06_20,0.8762720823287964,1
cus_0x99d4,2024-07-01,xgboost,credit_model_xgboost_2026_06_20,0.40613695979118347,0
cus_0x9a3b,2024-07-01,xgboost,credit_model_xgboost_2026_06_20,0.08493304252624512,0
cus_0x9a95,2024-07-01,xgboost,credit_model_xgboost_2026_06_20,0.8561162352561951,1
cus_0x9ae1,2024-07-01,xgboost,credit_model_xgboost_2026_06_20,0.7777700424194336,1
cus_0x9bc7,2024-07-01,xgboost,credit_model_xgboost_2026_06_20,0.4120696485042572,0
cus_0x9c05,2024-07-01,xgboost,credit_model_xgboost_2026_06_20,0.7107322812080383,1
cus_0x9c0d,2024-07-01,xgboost,credit_model_xgboost_2026_06_20,0.2095634788274765,0
cus_0x9c3b,2024-07-01,xgboost,credit_model_xgboost_2026_06_20,0.8696084022521973,1
cus_0x9c3c,2024-07-01,xgboost,credit_model_xgboost_2026_06_20,0.22841812670230865,0
cus_0x9c80,2024-07-01,xgboost,credit_model_xgboost_2026_06_20,0.7021892070770264,1
cus_0x9cc2,2024-07-01,xgboost,credit_model_xgboost_2026_06_20,0.2224293202161789,0
cus_0x9d10,2024-07-01,xgboost,credit_model_xgboost_2026_06_20,0.16305990517139435,0
cus_0x9d2c,2024-07-01,xgboost,credit_model_xgboost_2026_06_20,0.2176579236984253,0
cus_0x9d6b,2024-07-01,xgboost,credit_model_xgboost_2026_06_20,0.33811241388320923,0
cus_0x9da4,2024-07-01,xgboost,credit_model_xgboost_2026_06_20,0.019372083246707916,0
cus_0x9da6,2024-07-01,xgboost,credit_model_xgboost_2026_06_20,0.2545880377292633,0
cus_0x9dd,2024-07-01,xgboost,credit_model_xgboost_2026_06_20,0.2567405700683594,0
cus_0x9dfd,2024-07-01,xgboost,credit_model_xgboost_2026_06_20,0.18344523012638092,0
cus_0x9e3f,2024-07-01,xgboost,credit_model_xgboost_2026_06_20,0.20962394773960114,0
cus_0x9e81,2024-07-01,xgboost,credit_model_xgboost_2026_06_20,0.30918237566947937,0
cus_0x9ec7,2024-07-01,xgboost,credit_model_xgboost_2026_06_20,0.2024058848619461,0
cus_0x9ec8,2024-07-01,xgboost,credit_model_xgboost_2026_06_20,0.3260486423969269,0
cus_0x9efc,2024-07-01,xgboost,credit_model_xgboost_2026_06_20,0.20796722173690796,0
cus_0x9fa9,2024-07-01,xgboost,credit_model_xgboost_2026_06_20,0.10689142346382141,0
cus_0x9fbc,2024-07-01,xgboost,credit_model_xgboost_2026_06_20,0.3320047855377197,0
cus_0xa04c,2024-07-01,xgboost,credit_model_xgboost_2026_06_20,0.7994145750999451,1
cus_0xa06b,2024-07-01,xgboost,credit_model_xgboost_2026_06_20,0.27953216433525085,0
cus_0xa0a2,2024-07-01,xgboost,credit_model_xgboost_2026_06_20,0.19924688339233398,0
cus_0xa0c8,2024-07-01,xgboost,credit_model_xgboost_2026_06_20,0.20896951854228973,0
cus_0xa120,2024-07-01,xgboost,credit_model_xgboost_2026_06_20,0.1281842589378357,0
cus_0xa16e,2024-07-01,xgboost,credit_model_xgboost_2026_06_20,0.8294610977172852,1
cus_0xa2b8,2024-07-01,xgboost,credit_model_xgboost_2026_06_20,0.031391315162181854,0
cus_0xa340,2024-07-01,xgboost,credit_model_xgboost_2026_06_20,0.18166285753250122,0
cus_0xa3b5,2024-07-01,xgboost,credit_model_xgboost_2026_06_20,0.11443168669939041,0
cus_0xa493,2024-07-01,xgboost,credit_model_xgboost_2026_06_20,0.12875159084796906,0
cus_0xa4a5,2024-07-01,xgboost,credit_model_xgboost_2026_06_20,0.8599693775177002,1
cus_0xa4de,2024-07-01,xgboost,credit_model_xgboost_2026_06_20,0.26280856132507324,0
cus_0xa53,2024-07-01,xgboost,credit_model_xgboost_2026_06_20,0.17663179337978363,0
cus_0xa57b,2024-07-01,xgboost,credit_model_xgboost_2026_06_20,0.6255873441696167,1
cus_0xa667,2024-07-01,xgboost,credit_model_xgboost_2026_06_20,0.016905471682548523,0
cus_0xa6e,2024-07-01,xgboost,credit_model_xgboost_2026_06_20,0.286264032125473,0
cus_0xa6e7,2024-07-01,xgboost,credit_model_xgboost_2026_06_20,0.13839617371559143,0
cus_0xa737,2024-07-01,xgboost,credit_model_xgboost_2026_06_20,0.1347050666809082,0
cus_0xa874,2024-07-01,xgboost,credit_model_xgboost_2026_06_20,0.28209394216537476,0
cus_0xa8d,2024-07-01,xgboost,credit_model_xgboost_2026_06_20,0.26728013157844543,0
cus_0xaa14,2024-07-01,xgboost,credit_model_xgboost_2026_06_20,0.1971488893032074,0
cus_0xaa40,2024-07-01,xgboost,credit_model_xgboost_2026_06_20,0.5389565825462341,1
cus_0xaad,2024-07-01,xgboost,credit_model_xgboost_2026_06_20,0.6298990845680237,1
cus_0xab0d,2024-07-01,xgboost,credit_model_xgboost_2026_06_20,0.17701995372772217,0
cus_0xab16,2024-07-01,xgboost,credit_model_xgboost_2026_06_20,0.22467409074306488,0
cus_0xab8,2024-07-01,xgboost,credit_model_xgboost_2026_06_20,0.8460221886634827,1
cus_0xab9,2024-07-01,xgboost,credit_model_xgboost_2026_06_20,0.6282930374145508,1
cus_0xab9d,2024-07-01,xgboost,credit_model_xgboost_2026_06_20,0.7931163311004639,1
cus_0xaba3,2024-07-01,xgboost,credit_model_xgboost_2026_06_20,0.902946412563324,1
cus_0xac0b,2024-07-01,xgboost,credit_model_xgboost_2026_06_20,0.12375787645578384,0
cus_0xacbf,2024-07-01,xgboost,credit_model_xgboost_2026_06_20,0.21636375784873962,0
cus_0xad74,2024-07-01,xgboost,credit_model_xgboost_2026_06_20,0.3657910227775574,0
cus_0xadf1,2024-07-01,xgboost,credit_model_xgboost_2026_06_20,0.706365704536438,1
cus_0xae0e,2024-07-01,xgboost,credit_model_xgboost_2026_06_20,0.6788614988327026,1
cus_0xaee8,2024-07-01,xgboost,credit_model_xgboost_2026_06_20,0.6900572776794434,1
cus_0xaf49,2024-07-01,xgboost,credit_model_xgboost_2026_06_20,0.029051966965198517,0
cus_0xaf6f,2024-07-01,xgboost,credit_model_xgboost_2026_06_20,0.20892584323883057,0
cus_0xafe1,2024-07-01,xgboost,credit_model_xgboost_2026_06_20,0.35659584403038025,0
cus_0xb06e,2024-07-01,xgboost,credit_model_xgboost_2026_06_20,0.7836400270462036,1
cus_0xb0f5,2024-07-01,xgboost,credit_model_xgboost_2026_06_20,0.7914832234382629,1
cus_0xb14a,2024-07-01,xgboost,credit_model_xgboost_2026_06_20,0.8812335133552551,1
cus_0xb191,2024-07-01,xgboost,credit_model_xgboost_2026_06_20,0.5374242067337036,1
cus_0xb2b6,2024-07-01,xgboost,credit_model_xgboost_2026_06_20,0.3467518389225006,0
cus_0xb369,2024-07-01,xgboost,credit_model_xgboost_2026_06_20,0.13416290283203125,0
cus_0xb385,2024-07-01,xgboost,credit_model_xgboost_2026_06_20,0.6936594247817993,1
cus_0xb397,2024-07-01,xgboost,credit_model_xgboost_2026_06_20,0.142532080411911,0
cus_0xb3fe,2024-07-01,xgboost,credit_model_xgboost_2026_06_20,0.7936825752258301,1
cus_0xb43,2024-07-01,xgboost,credit_model_xgboost_2026_06_20,0.8035333752632141,1
cus_0xb59c,2024-07-01,xgboost,credit_model_xgboost_2026_06_20,0.23357455432415009,0
cus_0xb627,2024-07-01,xgboost,credit_model_xgboost_2026_06_20,0.2552128732204437,0
cus_0xb678,2024-07-01,xgboost,credit_model_xgboost_2026_06_20,0.7575806975364685,1
cus_0xb6b9,2024-07-01,xgboost,credit_model_xgboost_2026_06_20,0.02275497280061245,0
cus_0xb6d,2024-07-01,xgboost,credit_model_xgboost_2026_06_20,0.41112470626831055,0
cus_0xb6ef,2024-07-01,xgboost,credit_model_xgboost_2026_06_20,0.41536009311676025,0
cus_0xb7be,2024-07-01,xgboost,credit_model_xgboost_2026_06_20,0.3011951446533203,0
cus_0xb85a,2024-07-01,xgboost,credit_model_xgboost_2026_06_20,0.48674488067626953,0
cus_0xb86b,2024-07-01,xgboost,credit_model_xgboost_2026_06_20,0.25927484035491943,0
cus_0xb86e,2024-07-01,xgboost,credit_model_xgboost_2026_06_20,0.7999486327171326,1
cus_0xb8a3,2024-07-01,xgboost,credit_model_xgboost_2026_06_20,0.693579375743866,1
cus_0xb8eb,2024-07-01,xgboost,credit_model_xgboost_2026_06_20,0.9114115238189697,1
cus_0xb97,2024-07-01,xgboost,credit_model_xgboost_2026_06_20,0.17481562495231628,0
cus_0xb995,2024-07-01,xgboost,credit_model_xgboost_2026_06_20,0.6659979820251465,1
cus_0xbab2,2024-07-01,xgboost,credit_model_xgboost_2026_06_20,0.3728756904602051,0
cus_0xbac4,2024-07-01,xgboost,credit_model_xgboost_2026_06_20,0.4678334891796112,0
cus_0xbb30,2024-07-01,xgboost,credit_model_xgboost_2026_06_20,0.3409365713596344,0
cus_0xbb70,2024-07-01,xgboost,credit_model_xgboost_2026_06_20,0.1261468082666397,0
cus_0xbb79,2024-07-01,xgboost,credit_model_xgboost_2026_06_20,0.3388332724571228,0
cus_0xbbfc,2024-07-01,xgboost,credit_model_xgboost_2026_06_20,0.29262664914131165,0
cus_0xbc2b,2024-07-01,xgboost,credit_model_xgboost_2026_06_20,0.2984026372432709,0
cus_0xbc3a,2024-07-01,xgboost,credit_model_xgboost_2026_06_20,0.8368664383888245,1
cus_0xbc50,2024-07-01,xgboost,credit_model_xgboost_2026_06_20,0.07443700730800629,0
cus_0xbc5f,2024-07-01,xgboost,credit_model_xgboost_2026_06_20,0.5155675411224365,1
cus_0xbc74,2024-07-01,xgboost,credit_model_xgboost_2026_06_20,0.8620017766952515,1
cus_0xbc99,2024-07-01,xgboost,credit_model_xgboost_2026_06_20,0.379655122756958,0
cus_0xbcde,2024-07-01,xgboost,credit_model_xgboost_2026_06_20,0.016027139499783516,0
cus_0xbcf,2024-07-01,xgboost,credit_model_xgboost_2026_06_20,0.2526623010635376,0
cus_0xbd07,2024-07-01,xgboost,credit_model_xgboost_2026_06_20,0.029268210753798485,0
cus_0xbd5b,2024-07-01,xgboost,credit_model_xgboost_2026_06_20,0.2653031349182129,0
cus_0xbe68,2024-07-01,xgboost,credit_model_xgboost_2026_06_20,0.5903717279434204,1
cus_0xbef8,2024-07-01,xgboost,credit_model_xgboost_2026_06_20,0.13436193764209747,0
cus_0xbf43,2024-07-01,xgboost,credit_model_xgboost_2026_06_20,0.15638794004917145,0
cus_0xc01e,2024-07-01,xgboost,credit_model_xgboost_2026_06_20,0.8890544176101685,1
cus_0xc050,2024-07-01,xgboost,credit_model_xgboost_2026_06_20,0.4171845316886902,0
cus_0xc0b3,2024-07-01,xgboost,credit_model_xgboost_2026_06_20,0.3903875946998596,0
cus_0xc0d,2024-07-01,xgboost,credit_model_xgboost_2026_06_20,0.27087268233299255,0
cus_0xc146,2024-07-01,xgboost,credit_model_xgboost_2026_06_20,0.1623111069202423,0
cus_0xc19f,2024-07-01,xgboost,credit_model_xgboost_2026_06_20,0.6892847418785095,1
cus_0xc1d9,2024-07-01,xgboost,credit_model_xgboost_2026_06_20,0.2450609803199768,0
cus_0xc1db,2024-07-01,xgboost,credit_model_xgboost_2026_06_20,0.3122870624065399,0
cus_0xc1e9,2024-07-01,xgboost,credit_model_xgboost_2026_06_20,0.8142576813697815,1
cus_0xc1f0,2024-07-01,xgboost,credit_model_xgboost_2026_06_20,0.21046705543994904,0
cus_0xc211,2024-07-01,xgboost,credit_model_xgboost_2026_06_20,0.20720916986465454,0
cus_0xc21e,2024-07-01,xgboost,credit_model_xgboost_2026_06_20,0.33517396450042725,0
cus_0xc2eb,2024-07-01,xgboost,credit_model_xgboost_2026_06_20,0.1177002489566803,0
cus_0xc31a,2024-07-01,xgboost,credit_model_xgboost_2026_06_20,0.16632062196731567,0
cus_0xc3e4,2024-07-01,xgboost,credit_model_xgboost_2026_06_20,0.01174421887844801,0
cus_0xc428,2024-07-01,xgboost,credit_model_xgboost_2026_06_20,0.7828436493873596,1
cus_0xc490,2024-07-01,xgboost,credit_model_xgboost_2026_06_20,0.25777843594551086,0
cus_0xc4d7,2024-07-01,xgboost,credit_model_xgboost_2026_06_20,0.24809998273849487,0
cus_0xc620,2024-07-01,xgboost,credit_model_xgboost_2026_06_20,0.10946285724639893,0
cus_0xc662,2024-07-01,xgboost,credit_model_xgboost_2026_06_20,0.3649551570415497,0
cus_0xc6c2,2024-07-01,xgboost,credit_model_xgboost_2026_06_20,0.6506876349449158,1
cus_0xc737,2024-07-01,xgboost,credit_model_xgboost_2026_06_20,0.016203859820961952,0
cus_0xc80,2024-07-01,xgboost,credit_model_xgboost_2026_06_20,0.24468262493610382,0
cus_0xd3a,2024-07-01,xgboost,credit_model_xgboost_2026_06_20,0.2703447937965393,0
cus_0xdc1,2024-07-01,xgboost,credit_model_xgboost_2026_06_20,0.020840691402554512,0
cus_0xdcd,2024-07-01,xgboost,credit_model_xgboost_2026_06_20,0.6000251173973083,1
